0.151745098,0.582682353,0.713537255,0.687133333,0.67092549,0.632996078,0.542384314,0.547031373,0.477062745,0.608541176,0.610070588,0.586133333,0.622141176,0.5152,0.588901961,0.535701961,0.398592157,0.362117647,0.03634902,0.376156863,0.278933333,0.037521569,0.103168627,0.398023529,0.097796078,0.304658824,0.272803922,0.577823529,0.443886275,0.298584314,0.414509804,0.519105882,0.085215686,0.292941176,0.434427451,0.687541176,0.614968627,0.491541176,0.543247059,0.475984314,0.363309804,0.42174902,0.331039216,0.280976471,0.279062745,0.482168627,0.481882353,0.457584314,0.238968627,0.264721569,0.289705882,0.187737255,0.199807843,0.277062745,0.426141176,0.399066667,0.246694118,0.206478431,0.336611765,0.285419608,0.315768627,0.340643137,0.28587451,0.308137255,-1
0.035003922,0.176709804,0.429305882,0.560423529,0.578513725,0.532729412,0.434176471,0.112721569,0.094686275,0.407509804,0.515976471,0.555388235,0.560423529,0.479960784,0.418596078,0.2506,0.261352941,0.449576471,0.312360784,0.459654902,0.507654902,0.356454902,0.313490196,0.329113725,0.321301961,0.57014902,0.574407843,0.523631373,0.467466667,0.561207843,0.547023529,0.3322,0.329423529,0.496247059,0.441917647,0.410713725,0.35454902,0.401419608,0.531796078,0.312635294,0.359454902,0.458317647,0.346737255,0.446729412,0.411576471,0.331113725,0.387235294,0.289156863,0.246384314,0.492807843,0.362007843,0.475631373,0.472278431,0.276078431,0.484486275,0.241415686,0.066360784,0.429960784,0.50652549,0.493247059,0.425407843,0.442117647,0.359145098,0.086121569,-1
0.52612549,0.65892549,0.7472,0.801882353,0.789898039,0.770282353,0.746054902,0.644415686,0.483160784,0.643301961,0.684705882,0.738258824,0.757788235,0.727317647,0.758082353,0.636913725,0.531901961,0.598345098,0.550345098,0.598388235,0.684317647,0.540188235,0.606105882,0.67632549,0.492023529,0.706847059,0.746811765,0.668694118,0.721505882,0.7472,0.758788235,0.684223529,0.504913725,0.675333333,0.684792157,0.548086275,0.614133333,0.594870588,0.717513725,0.687396078,0.442411765,0.554596078,0.457035294,0.683309804,0.727403922,0.496870588,0.573772549,0.578807843,0.382635294,0.562701961,0.746803922,0.567262745,0.616866667,0.626541176,0.675662745,0.453329412,0.23954902,0.460752941,0.684266667,0.708141176,0.738768627,0.742235294,0.593941176,0.538819608,-1
0.029313725,0.721486275,0.762811765,0.812768627,0.757266667,0.66547451,0.567596078,0.026968627,0.311368627,0.734686275,0.723752941,0.804956863,0.79632549,0.677192157,0.526192157,0.037435294,0.660396078,0.582278431,0.426043137,0.630321569,0.647858824,0.438933333,0.379760784,0.122482353,0.321403922,0.8244,0.786823529,0.776752941,0.668870588,0.735780392,0.749380392,0.050117647,0.175439216,0.776435294,0.824752941,0.737615686,0.603254902,0.797145098,0.604862745,0.017588235,0.053505882,0.718356863,0.762568627,0.715662745,0.586501961,0.660439216,0.360741176,0.039607843,0.062447059,0.353196078,0.723552941,0.640631373,0.602556863,0.590254902,0.03734902,0.152360784,0.062137255,0.175992157,0.757576471,0.70707451,0.660015686,0.383243137,0.015243137,0.102403922,-1
0.331835294,0.606341176,0.648882353,0.570686275,0.620454902,0.497372549,0.395545098,0.276843137,0.469635294,0.637941176,0.624627451,0.703917647,0.648062745,0.56654902,0.41854902,0.316211765,0.577282353,0.505415686,0.368011765,0.567211765,0.515262745,0.42507451,0.31734902,0.378360784,0.618219608,0.610098039,0.573937255,0.528196078,0.418788235,0.581619608,0.497372549,0.382619608,0.671858824,0.625807843,0.641509804,0.645105882,0.372003922,0.653184314,0.532611765,0.377937255,0.645380392,0.557968627,0.640113725,0.531568627,0.379815686,0.550501961,0.510737255,0.343913725,0.633266667,0.625886275,0.531611765,0.469937255,0.398768627,0.558823529,0.472454902,0.351286275,0.610960784,0.687207843,0.692615686,0.555866667,0.469937255,0.5912,0.417419608,0.31187451,-1
0.270290196,0.633458824,0.698219608,0.739070588,0.667592157,0.63294902,0.508239216,0.184129412,0.453866667,0.575301961,0.562643137,0.637164706,0.625447059,0.529482353,0.46527451,0.309117647,0.589752941,0.210882353,0.203811765,0.666188235,0.568541176,0.172564706,0.144992157,0.425905882,0.633458824,0.710713725,0.701341176,0.728682353,0.633811765,0.653031373,0.687356863,0.433164706,0.59025098,0.745356863,0.687984314,0.735207843,0.552494118,0.742666667,0.673137255,0.387654902,0.415494118,0.609658824,0.590690196,0.633698039,0.543905882,0.599364706,0.575137255,0.157984314,0.579211765,0.556415686,0.583741176,0.573670588,0.468133333,0.593113725,0.461282353,0.028141176,0.543627451,0.177976471,0.628266667,0.683898039,0.654054902,0.479843137,0.316843137,0.033917647,-1
0.021105882,0.558568627,0.645003922,0.735415686,0.781435294,0.735694118,0.67625098,0.289058824,0.052462745,0.511431373,0.645392157,0.751901961,0.773666667,0.738470588,0.555556863,0.313313725,0.219043137,0.152133333,0.101278431,0.315901961,0.585364706,0.132282353,0.207623529,0.399011765,0.309188235,0.648490196,0.715164706,0.512368627,0.602203922,0.67914902,0.684494118,0.578560784,0.06527451,0.540607843,0.704109804,0.529129412,0.64607451,0.63345098,0.70034902,0.441576471,0.021105882,0.42945098,0.667517647,0.274117647,0.246545098,0.668647059,0.622231373,0.402517647,0.009380392,0.247239216,0.477847059,0.405823529,0.495392157,0.417541176,0.547788235,0.191878431,0.003517647,0.01172549,0.245607843,0.458592157,0.495392157,0.558152941,0.308909804,0.344019608,-1
0.124984314,0.096823529,0.235882353,0.085113725,0.082968627,0.143462745,0.070113725,0.090772549,0.132839216,0.609709804,0.677247059,0.651941176,0.506717647,0.399301961,0.364537255,0.180960784,0.316811765,0.528039216,0.194952941,0.530592157,0.531678431,0.207180392,0.300568627,0.360286275,0.289470588,0.772670588,0.686827451,0.704796078,0.704796078,0.721980392,0.722756863,0.348921569,0.093780392,0.717635294,0.718980392,0.522909804,0.430607843,0.652027451,0.641043137,0.205964706,0.044211765,0.457070588,0.54352549,0.472443137,0.422796078,0.435290196,0.327909804,0.070035294,0.56585098,0.461796078,0.538635294,0.566329412,0.54352549,0.426772549,0.183427451,0.047454902,0.574482353,0.682560784,0.549490196,0.370172549,0.32592549,0.203352941,0.148741176,0.094403922,-1
0.023435294,0.019839216,0.019882353,0.019803922,0.023364706,0.009380392,0.019019608,0.077254902,0.004690196,0.010552941,0.098937255,0.3438,0.379262745,0.355517647,0.213768627,0.009380392,0.017588235,0.132882353,0.367396078,0.314160784,0.602290196,0.306262745,0.596937255,0.351686275,0.063396078,0.349152941,0.575345098,0.383101961,0.720094118,0.672870588,0.693529412,0.621784314,0.045513725,0.262713725,0.52027451,0.211243137,0.660843137,0.58272549,0.773913725,0.633223529,0.093780392,0.203772549,0.372239216,0.387827451,0.612964706,0.731580392,0.554321569,0.662003922,0.158733333,0.263215686,0.292407843,0.238043137,0.481337255,0.605462745,0.708290196,0.598062745,0.678992157,0.059447059,0.2812,0.475992157,0.649023529,0.765603922,0.659937255,0.347690196,-1
0.175082353,0.133678431,0.218082353,0.161717647,0.245729412,0.742007843,0.653388235,0.176870588,0.144964706,0.017588235,0.019933333,0.463831373,0.94565098,0.757631373,0.676823529,0.265576471,0.035866667,0.235376471,0.409070588,0.860039216,0.802235294,0.431529412,0.563552941,0.382796078,0.098360784,0.60834902,0.923352941,0.839301961,0.792431373,0.897890196,0.788654902,0.246909804,0.108682353,0.420643137,0.902737255,0.823678431,0.703811765,0.878447059,0.735921569,0.138321569,0.148172549,0.163984314,0.897658824,0.763529412,0.776937255,0.675384314,0.789819608,0.034003922,0.086454902,0.016415686,0.507070588,0.822117647,0.708423529,0.788964706,0.262215686,0.026968627,0.053992157,0.035866667,0.481721569,0.867858824,0.78454902,0.524847059,0.448215686,0.092815686,-1
0.133513725,0.268811765,0.668733333,0.742090196,0.749670588,0.720372549,0.413945098,0.246690196,0.192964706,0.359509804,0.706309804,0.776890196,0.75552549,0.825478431,0.585494118,0.594745098,0.148992157,0.28932549,0.281345098,0.593615686,0.664243137,0.328294118,0.671933333,0.817070588,0.18805098,0.515866667,0.648498039,0.524172549,0.875117647,0.792784314,0.887533333,0.771062745,0.058172549,0.518788235,0.487580392,0.590968627,0.829505882,0.794,0.800827451,0.732003922,0.015243137,0.35525098,0.395831373,0.352709804,0.684168627,0.829505882,0.824305882,0.721847059,0.129611765,0.211709804,0.313223529,0.536796078,0.669329412,0.668588235,0.777866667,0.66525098,0.17625098,0.043956863,0.237917647,0.41032549,0.700619608,0.677141176,0.586478431,0.249313725,-1
0.614552941,0.479760784,0.37825098,0.343098039,0.382666667,0.258807843,0.3986,0.425078431,0.710760784,0.597490196,0.38934902,0.358101961,0.356188235,0.348066667,0.473011765,0.366690196,0.495792157,0.214568627,0.111101961,0.220466667,0.456466667,0.133098039,0.254172549,0.222572549,0.695078431,0.690862745,0.554976471,0.531541176,0.719376471,0.531541176,0.606298039,0.128643137,0.706803922,0.708796078,0.64525098,0.504639216,0.445109804,0.546309804,0.624972549,0.112164706,0.667603922,0.505282353,0.436435294,0.532168627,0.434478431,0.500913725,0.444431373,0.227341176,0.68032549,0.418054902,0.371678431,0.277870588,0.340643137,0.374858824,0.465152941,0.301529412,0.833290196,0.629341176,0.321745098,0.399607843,0.418364706,0.241309804,0.183137255,0.179223529,-1
0.332337255,0.78007451,0.856054902,0.887301961,0.839301961,0.848819608,0.585047059,0.181835294,0.344098039,0.71992549,0.688101961,0.774031373,0.809494118,0.630090196,0.682694118,0.179964706,0.423,0.483580392,0.383752941,0.649043137,0.711847059,0.390701961,0.405109804,0.28125098,0.430035294,0.844878431,0.770788235,0.792784314,0.816529412,0.781643137,0.785196078,0.40354902,0.413945098,0.809301961,0.761113725,0.769788235,0.855596078,0.720019608,0.762898039,0.36054902,0.441286275,0.64134902,0.617380392,0.647929412,0.528717647,0.574372549,0.618380392,0.2238,0.253364706,0.758439216,0.630270588,0.767019608,0.699835294,0.660647059,0.342615686,0.223439216,0.357176471,0.354960784,0.755258824,0.716243137,0.719364706,0.453282353,0.128568627,0.345298039,-1
0.082047059,0.195592157,0.3436,0.477062745,0.535031373,0.501007843,0.401368627,0.23094902,0.0824,0.301094118,0.239580392,0.511086275,0.548231373,0.476443137,0.379062745,0.199392157,0.167121569,0.187356863,0.374294118,0.254780392,0.507180392,0.29434902,0.356490196,0.226423529,0.207705882,0.339298039,0.414568627,0.289501961,0.477415686,0.445815686,0.433745098,0.380192157,0.144392157,0.418898039,0.472027451,0.284898039,0.497807843,0.4762,0.569898039,0.363584314,0.116698039,0.360388235,0.224043137,0.331768627,0.44312549,0.33645098,0.374294118,0.183129412,0.084823529,0.284031373,0.231501961,0.482184314,0.55105098,0.354498039,0.397886275,0.167784314,0.025796078,0.132047059,0.262439216,0.337666667,0.422156863,0.407266667,0.223372549,0.104627451,-1
0.044470588,0.348831373,0.641337255,0.812133333,0.831,0.658090196,0.367937255,0.057411765,0.060713725,0.48167451,0.5706,0.808658824,0.788819608,0.568254902,0.457772549,0.060886275,0.136905882,0.313211765,0.222976471,0.613364706,0.438152941,0.153654902,0.282007843,0.081733333,0.222835294,0.794498039,0.835890196,0.735309804,0.707658824,0.853152941,0.69212549,0.195847059,0.080431373,0.414145098,0.562952941,0.601423529,0.559588235,0.597243137,0.464411765,0.056196078,0.035176471,0.367705882,0.539560784,0.766643137,0.707745098,0.504364706,0.21885098,0.045686275,0.122611765,0.168505882,0.611082353,0.614090196,0.60314902,0.455270588,0.066533333,0.071603922,0.204635294,0.492694118,0.325952941,0.551596078,0.461407843,0.371764706,0.285960784,0.24905098,-1
0.438423529,0.547752941,0.688380392,0.771231373,0.80107451,0.739709804,0.614866667,0.340592157,0.301372549,0.476360784,0.524333333,0.771231373,0.797909804,0.554141176,0.551631373,0.359811765,0.313529412,0.516988235,0.562305882,0.617772549,0.630619608,0.578627451,0.543776471,0.33554902,0.552494118,0.641509804,0.738113725,0.589301961,0.582619608,0.74545098,0.659866667,0.438317647,0.539878431,0.676627451,0.746666667,0.613168627,0.614298039,0.769360784,0.685301961,0.524254902,0.512803922,0.705054902,0.614298039,0.601141176,0.56707451,0.683388235,0.715686275,0.558588235,0.481196078,0.691027451,0.554184314,0.738933333,0.643976471,0.60245098,0.702709804,0.313560784,0.717886275,0.430109804,0.691709804,0.714058824,0.649011765,0.700054902,0.555415686,0.456905882,-1
0.418905882,0.781921569,0.871992157,0.933858824,0.9458,0.763478431,0.578992157,0.570592157,0.317207843,0.597768627,0.50965098,0.751462745,0.815870588,0.516831373,0.527760784,0.349760784,0.343784314,0.371945098,0.293862745,0.637537255,0.723035294,0.329160784,0.199411765,0.337952941,0.339301961,0.820854902,0.800541176,0.878615686,0.894584314,0.814396078,0.753039216,0.39127451,0.241921569,0.722345098,0.878184314,0.570015686,0.602392157,0.871423529,0.813109804,0.317803922,0.131505882,0.59345098,0.723870588,0.582439216,0.660203922,0.742184314,0.674921569,0.241368627,0.172203922,0.288870588,0.73172549,0.60114902,0.632086275,0.808627451,0.493105882,0.125290196,0.239423529,0.100192157,0.379066667,0.72227451,0.753521569,0.472721569,0.039866667,0.268403922,-1
0.331890196,0.3638,0.488839216,0.548090196,0.499737255,0.473215686,0.30134902,0.293184314,0.335019608,0.399737255,0.536019608,0.555901961,0.56227451,0.511145098,0.354901961,0.264713725,0.355996078,0.280964706,0.171643137,0.335733333,0.413584314,0.124196078,0.192933333,0.262886275,0.35912549,0.472396078,0.469705882,0.430690196,0.384682353,0.407764706,0.375423529,0.255427451,0.362721569,0.426431373,0.540141176,0.406211765,0.491788235,0.363670588,0.468345098,0.239027451,0.462352941,0.370611765,0.364376471,0.368635294,0.261341176,0.24692549,0.297305882,0.356980392,0.555380392,0.37372549,0.364247059,0.460031373,0.438235294,0.227309804,0.300419608,0.500352941,0.594862745,0.302282353,0.405996078,0.4412,0.3964,0.300305882,0.191831373,0.464372549,-1
0.066403922,0.414180392,0.647443137,0.672592157,0.62974902,0.604478431,0.465584314,0.078258824,0.029313725,0.540341176,0.597219608,0.641466667,0.604831373,0.597219608,0.48367451,0.191941176,0.037521569,0.362007843,0.062145098,0.223427451,0.507815686,0.058627451,0.130352941,0.212023529,0.223121569,0.722607843,0.487709804,0.624768627,0.628631373,0.398960784,0.504188235,0.242141176,0.268705882,0.692764706,0.579113725,0.632976471,0.700505882,0.484156863,0.683082353,0.171058824,0.235811765,0.360023529,0.223678431,0.406003922,0.294294118,0.277964706,0.316705882,0.080517647,0.0618,0.387435294,0.456462745,0.398580392,0.343545098,0.305341176,0.284788235,0.019933333,0.079019608,0.069921569,0.505282353,0.593521569,0.520129412,0.390607843,0.026968627,0.029141176,-1
0.141917647,0.210772549,0.528419608,0.815960784,0.785576471,0.652545098,0.332627451,0.215262745,0.130121569,0.352435294,0.766678431,0.809011765,0.820729412,0.704803922,0.519247059,0.259666667,0.129843137,0.158113725,0.113917647,0.324682353,0.8012,0.2118,0.250360784,0.262588235,0.355243137,0.724188235,0.766521569,0.628831373,0.8144,0.863694118,0.77007451,0.519788235,0.400109804,0.747223529,0.759172549,0.660662745,0.826470588,0.840611765,0.847913725,0.786160784,0.238098039,0.667666667,0.657662745,0.302227451,0.595447059,0.786835294,0.801827451,0.734917647,0.118521569,0.520505882,0.585764706,0.652905882,0.762203922,0.773490196,0.707035294,0.675976471,0.067490196,0.500435294,0.233694118,0.544482353,0.617109804,0.463917647,0.597360784,0.71194902,-1
0.024623529,0.597317647,0.886396078,0.936301961,0.915298039,0.862098039,0.730780392,0.242113725,0.460698039,0.709768627,0.748827451,0.901156863,0.89725098,0.760545098,0.676054902,0.312807843,0.634003922,0.425776471,0.383156863,0.78007451,0.828427451,0.437796078,0.332027451,0.535996078,0.686694118,0.832341176,0.847611765,0.829211765,0.797101961,0.840886275,0.813666667,0.605172549,0.48167451,0.797188235,0.879478431,0.790737255,0.749764706,0.866631373,0.800043137,0.308764706,0.351686275,0.774572549,0.864517647,0.801988235,0.735235294,0.856129412,0.692670588,0.176741176,0.1208,0.719847059,0.734415686,0.641337255,0.593537255,0.714035294,0.625521569,0.015243137,0.041996078,0.636607843,0.751211765,0.776956863,0.763835294,0.735556863,0.179854902,0.037176471,-1
0.26527451,0.624968627,0.785427451,0.883505882,0.898035294,0.85472549,0.714811765,0.394529412,0.366870588,0.584780392,0.684737255,0.842929412,0.860545098,0.753172549,0.617596078,0.473078431,0.394521569,0.60274902,0.540219608,0.596858824,0.695368627,0.524639216,0.496247059,0.567682353,0.366913725,0.769572549,0.873866667,0.661431373,0.630184314,0.843835294,0.788101961,0.488478431,0.253333333,0.668019608,0.762984314,0.543478431,0.570898039,0.695886275,0.691980392,0.429854902,0.074870588,0.754458824,0.582184314,0.641168627,0.710423529,0.565552941,0.695843137,0.445392157,0.012898039,0.597992157,0.730952941,0.594298039,0.6498,0.647843137,0.735282353,0.398117647,0.008207843,0.35547451,0.562690196,0.687996078,0.688901961,0.602101961,0.472062745,0.559854902,-1
0.405866667,0.653619608,0.776196078,0.862505882,0.839345098,0.696454902,0.567152941,0.551243137,0.55874902,0.64085098,0.618047059,0.731007843,0.773419608,0.609517647,0.587666667,0.496105882,0.64027451,0.39732549,0.378427451,0.645156863,0.648717647,0.325105882,0.356145098,0.672788235,0.605596078,0.816160784,0.850996078,0.692811765,0.655752941,0.813427451,0.746078431,0.660803922,0.519898039,0.676090196,0.821937255,0.610243137,0.63707451,0.767407843,0.59807451,0.613654902,0.571682353,0.610741176,0.692066667,0.720270588,0.65305098,0.66194902,0.516129412,0.692980392,0.539529412,0.606835294,0.610086275,0.574356863,0.528305882,0.57907451,0.528756863,0.542811765,0.517223529,0.540392157,0.62067451,0.747388235,0.672945098,0.343360784,0.558290196,0.36732549,-1
0.465658824,0.441756863,0.575494118,0.594247059,0.605654902,0.550619608,0.403282353,0.359145098,0.468745098,0.358913725,0.459654902,0.545937255,0.558784314,0.413913725,0.368129412,0.300556863,0.42492549,0.253419608,0.230070588,0.499929412,0.434658824,0.244831373,0.224517647,0.296384314,0.426760784,0.48812549,0.547929412,0.523364706,0.483443137,0.527537255,0.444031373,0.339701961,0.411447059,0.483666667,0.469301961,0.499419608,0.40532549,0.422388235,0.429811765,0.305996078,0.355239216,0.433709804,0.473164706,0.421301961,0.377984314,0.4302,0.376568627,0.297588235,0.271027451,0.46945098,0.385443137,0.388141176,0.359317647,0.281423529,0.4414,0.394796078,0.297705882,0.402698039,0.461647059,0.522501961,0.47345098,0.43734902,0.309686275,0.405254902,-1
0.230847059,0.218619608,0.523509804,0.597211765,0.656972549,0.674976471,0.382580392,0.033960784,0.593352941,0.620572549,0.428984314,0.417188235,0.536709804,0.635917647,0.720278431,0.661337255,0.130192157,0.449611765,0.594317647,0.625054902,0.575372549,0.479682353,0.477258824,0.653023529,0.021105882,0.021105882,0.085501961,0.491592157,0.682780392,0.60185098,0.538933333,0.6424,0.480901961,0.253188235,0.093313725,0.02345098,0.072223529,0.427337255,0.642168627,0.61705098,0.405517647,0.608623529,0.598345098,0.617443137,0.409921569,0.137172549,0.673415686,0.614007843,0.016415686,0.043168627,0.285752941,0.575760784,0.618380392,0.634356863,0.539796078,0.5546,0.178615686,0.163223529,0.187286275,0.172203922,0.305133333,0.42652549,0.536243137,0.575301961,1
0.249737255,0.51447451,0.251098039,0.022278431,0.117407843,0.113847059,0.025623529,0.58207451,0.859596078,0.848188235,0.82072549,0.665388235,0.075647059,0.131658824,0.121301961,0.352058824,0.80134902,0.72974902,0.788956863,0.776886275,0.754592157,0.284294118,0.045427451,0.212,0.789819608,0.669047059,0.630176471,0.7654,0.750717647,0.766662745,0.370964706,0.112945098,0.786690196,0.782784314,0.456603922,0.629901961,0.770247059,0.741466667,0.743458824,0.509105882,0.750133333,0.788329412,0.700407843,0.341066667,0.764670588,0.739552941,0.715529412,0.738411765,0.555082353,0.833839216,0.777164706,0.111658824,0.552117647,0.774243137,0.698501961,0.693533333,0.3094,0.851886275,0.798686275,0.128988235,0.02345098,0.417835294,0.687603922,0.675564706,1
0.776215686,0.648682353,0.515913725,0.500988235,0.448619608,0.433584314,0.746254902,0.644823529,0.121156863,0.539317647,0.596764706,0.610352941,0.500137255,0.632352941,0.78965098,0.764423529,0.136737255,0.495137255,0.575278431,0.611482353,0.617933333,0.70214902,0.807388235,0.795439216,0.135298039,0.417882353,0.497160784,0.571294118,0.680427451,0.692423529,0.797662745,0.838956863,0.245568627,0.488231373,0.628011765,0.668941176,0.665313725,0.730121569,0.807941176,0.815521569,0.394070588,0.511478431,0.621572549,0.624615686,0.624584314,0.823631373,0.770011765,0.852113725,0.574019608,0.503945098,0.516392157,0.620678431,0.804964706,0.859847059,0.750482353,0.881368627,0.629211765,0.839188235,0.84034902,0.868819608,0.867968627,0.765321569,0.789972549,0.879376471,1
0.426058824,0.60912549,0.48132549,0.688956863,0.835035294,0.742113725,0.741717647,0.803470588,0.332670588,0.351690196,0.25127451,0.457301961,0.61047451,0.590901961,0.656639216,0.718780392,0.276392157,0.255180392,0.258619608,0.54412549,0.532886275,0.63032549,0.679431373,0.511988235,0.327952941,0.254360784,0.356188235,0.417454902,0.488360784,0.392419608,0.429807843,0.450156863,0.301,0.277752941,0.290011765,0.450341176,0.535054902,0.453031373,0.223756863,0.418231373,0.273305882,0.465745098,0.499137255,0.664623529,0.5776,0.503388235,0.360231373,0.386709804,0.348294118,0.223658824,0.210733333,0.475470588,0.425780392,0.636964706,0.51325098,0.800517647,0.285490196,0.563117647,0.542854902,0.526368627,0.636388235,0.745113725,0.68385098,0.79652549,1
0.409564706,0.479913725,0.549996078,0.245337255,0.421921569,0.405082353,0.730909804,0.542254902,0.401752941,0.582639216,0.671164706,0.453607843,0.530509804,0.144603922,0.438321569,0.469258824,0.461203922,0.726933333,0.26234902,0.457729412,0.615439216,0.344243137,0.347486275,0.58292549,0.436329412,0.760647059,0.563188235,0.593658824,0.559117647,0.133247059,0.202415686,0.073478431,0.386105882,0.570121569,0.375705882,0.511247059,0.441078431,0.251,0.107956863,0.348431373,0.421337255,0.367094118,0.276490196,0.313478431,0.364003922,0.484137255,0.239066667,0.347215686,0.429701961,0.387090196,0.354945098,0.202105882,0.316694118,0.258062745,0.210054902,0.303443137,0.048917647,0.160196078,0.032231373,0.374698039,0.289698039,0.159631373,0.098156863,0.21454902,1
0.124490196,0.020160784,0.231854902,0.16454902,0.254427451,0.207866667,0.330286275,0.070937255,0.108788235,0.194717647,0.250529412,0.316929412,0.528156863,0.530623529,0.520466667,0.193933333,0.137145098,0.553082353,0.556211765,0.61007451,0.768819608,0.714482353,0.618121569,0.481019608,0.242956863,0.396070588,0.433266667,0.528533333,0.621188235,0.641227451,0.644772549,0.764286275,0.186215686,0.194380392,0.301407843,0.365901961,0.450278431,0.651945098,0.450556863,0.370913725,0.253435294,0.065952941,0.045603922,0.407643137,0.403047059,0.401960784,0.527580392,0.110160784,0.019384314,0.115815686,0.136431373,0.102407843,0.086482353,0.163901961,0.323631373,0.070611765,0.045509804,0.102407843,0.147709804,0.159384314,0.187035294,0.148615686,0.02747451,0.045298039,1
0.906972549,0.727345098,0.61607451,0.659541176,0.844717647,0.854635294,0.839364706,0.873388235,0.371286275,0.446670588,0.604984314,0.719972549,0.883505882,0.886784314,0.886827451,0.890733333,0.63572549,0.5412,0.446098039,0.507886275,0.524054902,0.402698039,0.500854902,0.601666667,0.657054902,0.672368627,0.614988235,0.527266667,0.535854902,0.485113725,0.534219608,0.58854902,0.711505882,0.727129412,0.647882353,0.604917647,0.660419608,0.531992157,0.582184314,0.50054902,0.691392157,0.717603922,0.644176471,0.6414,0.618043137,0.566560784,0.649129412,0.628505882,0.688031373,0.645066667,0.569372549,0.565976471,0.600898039,0.588862745,0.745247059,0.937101961,0.760407843,0.746776471,0.789388235,0.796968627,0.78892549,0.797239216,0.851760784,0.855658824,1
0.313827451,0.327235294,0.427047059,0.762729412,0.985211765,0.757772549,0.282392157,0.195909804,0.375054902,0.393807843,0.247470588,0.597215686,0.816498039,0.584835294,0.30227451,0.085105882,0.204403922,0.38365098,0.403627451,0.653180392,0.664854902,0.449282353,0.133278431,0.058317647,0.140988235,0.121776471,0.429968627,0.42247451,0.426690196,0.641462745,0.100945098,0.050937255,0.081384314,0.03634902,0.138537255,0.25954902,0.325956863,0.163462745,0.11352549,0.097541176,0.018760784,0.136729412,0.332737255,0.320207843,0.31032549,0.133854902,0.029313725,0.021105882,0.048023529,0.241411765,0.180141176,0.198937255,0.155066667,0.278054902,0.288980392,0.125235294,0.055015686,0.071466667,0.117380392,0.069690196,0.094211765,0.055023529,0.035176471,0.026968627,1
0.398231373,0.242580392,0.366745098,0.529462745,0.476462745,0.355572549,0.246901961,0.204439216,0.344556863,0.16194902,0.472203922,0.439627451,0.449121569,0.173717647,0.416447059,0.269576471,0.212721569,0.37852549,0.528015686,0.403035294,0.564305882,0.634792157,0.574305882,0.591282353,0.340862745,0.630294118,0.399984314,0.34847451,0.316321569,0.435635294,0.493729412,0.753180392,0.381368627,0.380015686,0.358788235,0.445933333,0.388043137,0.460486275,0.34185098,0.637835294,0.481058824,0.341352941,0.404098039,0.353054902,0.411909804,0.411435294,0.473109804,0.40814902,0.352560784,0.427678431,0.321952941,0.455658824,0.340043137,0.324419608,0.245682353,0.238733333,0.445215686,0.378815686,0.40792549,0.333713725,0.349337255,0.386913725,0.337431373,0.391803922,1
0.179529412,0.312329412,0.305113725,0.824596078,0.390035294,0.609894118,0.633019608,0.340035294,0.257647059,0.358070588,0.312968627,0.993843137,0.218219608,0.762,0.792031373,0.514980392,0.336505882,0.176839216,0.242396078,0.921054902,0.008207843,0.7774,0.683019608,0.46885098,0.348223529,0.273047059,0.207717647,0.745023529,0.031462745,0.558713725,0.461556863,0.432568627,0.356078431,0.257423529,0.133462745,0.893447059,0.014501961,0.656713725,0.461168627,0.414521569,0.352172549,0.288670588,0.210141176,0.9286,0.063062745,0.544494118,0.496631373,0.28507451,0.331737255,0.286203922,0.394623529,0.916615686,0.424972549,0.389533333,0.415882353,0.356654902,0.416803922,0.254956863,0.502858824,0.668984314,0.574835294,0.382419608,0.449309804,0.371415686,1
0.159294118,0.278039216,0.270321569,0.272854902,0.265964706,0.401945098,0.284639216,0.253305882,0.339870588,0.374247059,0.239196078,0.219588235,0.219258824,0.222647059,0.281062745,0.231329412,0.12134902,0.215133333,0.211623529,0.331231373,0.176521569,0.278341176,0.167588235,0.278305882,0.155105882,0.127764706,0.098,0.464066667,0.41454902,0.266392157,0.241654902,0.551305882,0.433329412,0.533976471,0.605678431,0.402529412,0.543407843,0.761007843,0.544047059,0.718372549,0.820011765,0.746023529,0.578294118,0.695694118,0.695176471,0.554607843,0.573568627,0.69165098,0.389458824,0.354572549,0.230713725,0.500011765,0.605960784,0.140341176,0.246713725,0.194894118,0.27254902,0.229584314,0.313047059,0.303588235,0.207870588,0.26247451,0.304792157,0.383305882,1
0.066,0.231760784,0.481258824,0.601709804,0.618109804,0.509643137,0.325215686,0.141839216,0.035003922,0.105133333,0.312960784,0.3858,0.312717647,0.116305882,0.138870588,0.171756863,0.175878431,0.505333333,0.770388235,0.843227451,0.76632549,0.566772549,0.396466667,0.357054902,0.270713725,0.511196078,0.535172549,0.567823529,0.442921569,0.663211765,0.339015686,0.292964706,0.157211765,0.473776471,0.563513725,0.668384314,0.62612549,0.548870588,0.445603922,0.172701961,0.099168627,0.145054902,0.203545098,0.780984314,0.665686275,0.436576471,0.340423529,0.082690196,0.027839216,0.144462745,0.212490196,0.61272549,0.349003922,0.328035294,0.160713725,0.034917647,0.030298039,0.097705882,0.187031373,0.109101961,0.085286275,0.089192157,0.036003922,0.031313725,1
0.847717647,0.887086275,0.801243137,0.906701961,0.867290196,0.867333333,0.774341176,0.868435294,0.915290196,0.83752549,0.289415686,0.475768627,0.902062745,0.696223529,0.323568627,0.437623529,0.798466667,0.51447451,0.391639216,0.274160784,0.331698039,0.51527451,0.433172549,0.246,0.855968627,0.505454902,0.239007843,0.297172549,0.262839216,0.430792157,0.437784314,0.242490196,0.83674902,0.583572549,0.31365098,0.290223529,0.265305882,0.347329412,0.554607843,0.269435294,0.820815686,0.371172549,0.25045098,0.28127451,0.270298039,0.289870588,0.446062745,0.304588235,0.820419608,0.703596078,0.535219608,0.308952941,0.289,0.319901961,0.324160784,0.285411765,0.831396078,0.832137255,0.855105882,0.821356863,0.651894118,0.478705882,0.372203922,0.289360784,1
0.691486275,0.863776471,0.899482353,0.883858824,0.867372549,0.866509804,0.862337255,0.73734902,0.659462745,0.729768627,0.743831373,0.762231373,0.778121569,0.770309804,0.735156863,0.603219608,0.696062745,0.422141176,0.582556863,0.643368627,0.606301961,0.675392157,0.543145098,0.589972549,0.829568627,0.421286275,0.563921569,0.668870588,0.640047059,0.570560784,0.453462745,0.72292549,0.839294118,0.460654902,0.531035294,0.581733333,0.59934902,0.54634902,0.477682353,0.727615686,0.675168627,0.484443137,0.547521569,0.574784314,0.581854902,0.558066667,0.53267451,0.497211765,0.457964706,0.470301961,0.476862745,0.554160784,0.554980392,0.492486275,0.472647059,0.468741176,0.308721569,0.478113725,0.419137255,0.437803922,0.445305882,0.421870588,0.414058824,0.417964706,1
0.979745098,0.847219608,0.800733333,0.946517647,0.78572549,0.533172549,0.970827451,0.972984314,0.983054902,0.781403922,0.718984314,0.660117647,0.716823529,0.637301961,0.765580392,0.979458824,0.898690196,0.652894118,0.469392157,0.47345098,0.538521569,0.504698039,0.739133333,0.966368627,0.742066667,0.466541176,0.749952941,0.672729412,0.493564706,0.532701961,0.605945098,0.970541176,0.781482353,0.819678431,0.979027451,0.761905882,0.489384314,0.536254902,0.629968627,0.979027451,0.985643137,0.990678431,0.991541176,0.871239216,0.536023529,0.535901961,0.954141176,0.973560784,0.984282353,0.990964706,0.992403922,0.979027451,0.512235294,0.508560784,0.68792549,0.967807843,0.97307451,0.980066667,0.976470588,0.982192157,0.636913725,0.590584314,0.629956863,0.862596078,1
0.811305882,0.828368627,0.843482353,0.842498039,0.836356863,0.820423529,0.807709804,0.798537255,0.826929412,0.847345098,0.8632,0.863698039,0.851039216,0.828545098,0.822470588,0.799666667,0.840086275,0.862027451,0.865533333,0.859701961,0.859701961,0.847133333,0.826376471,0.807168627,0.848627451,0.873345098,0.882858824,0.812741176,0.816968627,0.859160784,0.835670588,0.807478431,0.854976471,0.853835294,0.718443137,0.812184314,0.875047059,0.861627451,0.831952941,0.813098039,0.843831373,0.761176471,0.833427451,0.870815686,0.821227451,0.753823529,0.835901961,0.812235294,0.839101961,0.500972549,0.733490196,0.793917647,0.696317647,0.859282353,0.832505882,0.807356863,0.773286275,0.561827451,0.912929412,0.878133333,0.870643137,0.843658824,0.820047059,0.799235294,1
0.121945098,0.092886275,0.391023529,0.750596078,0.297160784,0.216266667,0.737972549,0.325431373,0.149286275,0.108941176,0.516011765,0.832619608,0.341254902,0.185019608,0.831713725,0.442607843,0.155658824,0.121788235,0.582368627,0.8482,0.47014902,0.336486275,0.848466667,0.491039216,0.175188235,0.139878431,0.550811765,0.870462745,0.53932549,0.449756863,0.856278431,0.477407843,0.194717647,0.167219608,0.496992157,0.854572549,0.527917647,0.47987451,0.872411765,0.402533333,0.198623529,0.186705882,0.406372549,0.878396078,0.461207843,0.431090196,0.905341176,0.317811765,0.195847059,0.196509804,0.309501961,0.91905098,0.381952941,0.347929412,0.93314902,0.203137255,0.145070588,0.147294118,0.133384314,0.942133333,0.281219608,0.2304,0.951627451,0.087643137,1
0.30907451,0.639203922,0.667098039,0.735290196,0.597831373,0.480145098,0.544631373,0.51585098,0.254192157,0.277317647,0.183,0.601239216,0.640796078,0.41487451,0.462607843,0.492415686,0.457019608,0.644501961,0.331454902,0.656772549,0.642278431,0.458701961,0.493854902,0.613807843,0.456941176,0.472564706,0.476470588,0.660168627,0.646184314,0.457219608,0.568066667,0.805196078,0.726137255,0.507407843,0.523341176,0.647976471,0.574396078,0.542407843,0.747737255,0.770309804,0.771172549,0.573886275,0.602235294,0.674576471,0.648607843,0.567713725,0.721956863,0.824992157,0.789298039,0.390035294,0.409133333,0.809015686,0.824372549,0.589156863,0.690709804,0.831321569,0.856517647,0.672078431,0.633019608,0.824286275,0.773596078,0.720396078,0.737580392,0.772733333,1
0.992094118,0.987945098,0.882913725,0.574458824,0.590039216,0.859435294,0.993843137,0.991309804,0.992094118,0.991541176,0.643913725,0.433270588,0.265317647,0.746596078,0.99427451,0.990137255,0.991352941,0.991972549,0.675447059,0.394929412,0.374537255,0.859023529,0.995137255,0.987792157,0.991352941,0.992835294,0.977011765,0.387117647,0.473356863,0.973847059,0.995137255,0.987792157,0.991309804,0.989239216,0.979313725,0.465113725,0.613027451,0.772894118,0.989239216,0.991352941,0.991352941,0.989239216,0.981615686,0.5112,0.863823529,0.686964706,0.988376471,0.991231373,0.988188235,0.992403922,0.988376471,0.582792157,0.977588235,0.462062745,0.990678431,0.991541176,0.992094118,0.992403922,0.991541176,0.41765098,0.981615686,0.516392157,0.972839216,0.991972549,1
0.993223529,0.956431373,0.51912549,0.673247059,0.855341176,0.8894,0.991972549,0.988188235,0.994827451,0.839211765,0.752427451,0.762462745,0.831596078,0.897211765,0.979823529,0.989317647,0.864329412,0.823278431,0.886866667,0.62552549,0.902290196,0.909792157,0.945533333,0.972211765,0.985411765,0.995137255,0.589509804,0.37187451,0.727662745,0.902333333,0.995137255,0.990137255,0.991309804,0.991541176,0.797027451,0.336286275,0.77765098,0.976294118,0.991231373,0.986619608,0.991309804,0.988807843,0.976294118,0.430768627,0.872133333,0.973560784,0.992094118,0.986619608,0.991309804,0.988498039,0.982047059,0.567011765,0.808745098,0.981184314,0.992094118,0.987792157,0.991309804,0.988188235,0.98607451,0.653098039,0.809686275,0.981615686,0.99252549,0.986662745,1
0.18385098,0.111862745,0.133968627,0.186658824,0.280168627,0.235211765,0.555294118,0.914556863,0.125572549,0.192678431,0.840078431,0.512294118,0.253921569,0.161309804,0.673211765,0.914556863,0.066207843,0.465235294,0.850827451,0.637486275,0.625607843,0.155764706,0.707545098,0.931266667,0.085737255,0.383211765,0.757439216,0.565972549,0.867305882,0.223258824,0.444168627,0.917168627,0.108509804,0.145419608,0.80372549,0.23127451,0.860545098,0.656223529,0.632788235,0.840066667,0.124133333,0.04312549,0.725254902,0.851690196,0.747627451,0.757266667,0.7416,0.804094118,0.188772549,0.135658824,0.260454902,0.870701961,0.757352941,0.718517647,0.735270588,0.758662745,0.274313725,0.289470588,0.363490196,0.484803922,0.645521569,0.673560784,0.696211765,0.735227451,1
0.164196078,0.18372549,0.196572549,0.230043137,0.232396078,0.217823529,0.21087451,0.239345098,0.170878431,0.199701961,0.207003922,0.311564706,0.379454902,0.586776471,0.590407843,0.251415686,0.199701961,0.198803922,0.371643137,0.676066667,0.684815686,0.747,0.620290196,0.223176471,0.206737255,0.273721569,0.832301961,0.782462745,0.82812549,0.759070588,0.262862745,0.220486275,0.175807843,0.668533333,0.797423529,0.84105098,0.867686275,0.595172549,0.429411765,0.489682353,0.180298039,0.773482353,0.773247059,0.814176471,0.799960784,0.708721569,0.440898039,0.167486275,0.290203922,0.74714902,0.784337255,0.783984314,0.497494118,0.251501961,0.151509804,0.199509804,0.598215686,0.746286275,0.6024,0.183807843,0.17585098,0.288768627,0.25114902,0.253882353,1
0.250411765,0.178854902,0.428984314,0.391839216,0.508517647,0.543670588,0.522501961,0.578666667,0.106203922,0.577607843,0.877607843,0.460505882,0.561827451,0.512776471,0.496643137,0.536443137,0.146047059,0.686772549,0.586345098,0.33554902,0.785003922,0.613388235,0.457196078,0.573509804,0.129913725,0.663258824,0.690552941,0.418623529,0.481396078,0.644945098,0.375172549,0.586090196,0.211117647,0.487494118,0.609780392,0.650278431,0.10145098,0.747627451,0.414352941,0.583168627,0.296227451,0.260952941,0.521317647,0.579043137,0.480345098,0.605576471,0.546843137,0.503258824,0.347003922,0.35165098,0.358952941,0.382698039,0.543701961,0.587219608,0.594533333,0.512631373,0.296227451,0.355556863,0.418094118,0.414498039,0.336733333,0.442701961,0.534505882,0.554113725,1
0.510101961,0.606066667,0.667705882,0.742494118,0.804945098,0.844384314,0.879133333,0.884635294,0.500419608,0.56252549,0.620690196,0.665137255,0.683760784,0.786003922,0.864415686,0.919047059,0.4466,0.50132549,0.534901961,0.418984314,0.403670588,0.590160784,0.836196078,0.912572549,0.343564706,0.414776471,0.265164706,0.127203922,0.203462745,0.450454902,0.815537255,0.920772549,0.336529412,0.378796078,0.336160784,0.240039216,0.235278431,0.499376471,0.824623529,0.906819608,0.345470588,0.422458824,0.452576471,0.519329412,0.586313725,0.739443137,0.853239216,0.901498039,0.343478431,0.42494902,0.478568627,0.550666667,0.684827451,0.763168627,0.852521569,0.887545098,0.352729412,0.429905882,0.501019608,0.567917647,0.686023529,0.761709804,0.820988235,0.85687451,1
0.273988235,0.488811765,0.616619608,0.675164706,0.678639216,0.60165098,0.471894118,0.307847059,0.356011765,0.561894118,0.547529412,0.508039216,0.715007843,0.75285098,0.621180392,0.383188235,0.375541176,0.520145098,0.413254902,0.418643137,0.593192157,0.832184314,0.80085098,0.483258824,0.336482353,0.445933333,0.401537255,0.271082353,0.582337255,0.863431373,0.879090196,0.616137255,0.2818,0.409564706,0.430352941,0.508470588,0.707627451,0.863509804,0.887411765,0.683952941,0.227117647,0.324764706,0.433862745,0.566662745,0.726803922,0.833082353,0.854682353,0.676141176,0.203682353,0.234929412,0.342854902,0.460031373,0.5792,0.718329412,0.742894118,0.55927451,0.129470588,0.184152941,0.225678431,0.324454902,0.429337255,0.503505882,0.4812,0.360117647,1
0.788827451,0.831792157,0.821290196,0.825196078,0.753329412,0.801639216,0.816090196,0.825341176,0.777152941,0.825196078,0.831878431,0.824066667,0.7338,0.776764706,0.813356863,0.808588235,0.724427451,0.794733333,0.820945098,0.820945098,0.708105882,0.766262745,0.788835294,0.745870588,0.517768627,0.607603922,0.801458824,0.754588235,0.653423529,0.75845098,0.564639216,0.404498039,0.496247059,0.583305882,0.611509804,0.709156863,0.649086275,0.586592157,0.463086275,0.504921569,0.661423529,0.688764706,0.751215686,0.827894118,0.749776471,0.784929412,0.727823529,0.684858824,0.724141176,0.673364706,0.768666667,0.792101961,0.753043137,0.782729412,0.765545098,0.675709804,0.731478431,0.700231373,0.78932549,0.750266667,0.77834902,0.766631373,0.755266667,0.618560784,1
0.866294118,0.875235294,0.863596078,0.866286275,0.85152549,0.860819608,0.816733333,0.688192157,0.672439216,0.797117647,0.790866667,0.743643137,0.829572549,0.771337255,0.646356863,0.391654902,0.801952941,0.773129412,0.7854,0.782623529,0.867423529,0.734976471,0.601709804,0.484576471,0.848823529,0.844917647,0.863827451,0.82867451,0.835666667,0.757901961,0.601752941,0.612341176,0.765360784,0.816137255,0.843478431,0.774345098,0.813403922,0.747356863,0.665109804,0.550709804,0.817309804,0.77825098,0.765713725,0.695407843,0.751262745,0.625145098,0.421815686,0.464780392,0.800866667,0.778870588,0.781215686,0.657443137,0.66065098,0.594294118,0.461494118,0.602105882,0.817929412,0.80465098,0.785431373,0.610882353,0.707133333,0.585352941,0.574333333,0.687603922,1
0.960160784,0.936015686,0.695129412,0.446823529,0.811909804,0.876796078,0.987658824,0.975917647,0.957737255,0.34025098,0.518976471,0.700627451,0.590678431,0.495811765,0.986796078,0.987203922,0.955580392,0.298733333,0.532839216,0.4728,0.691952941,0.570011765,0.983776471,0.988090196,0.969247059,0.472815686,0.603929412,0.363047059,0.540243137,0.668443137,0.977878431,0.988090196,0.947811765,0.374858824,0.549247059,0.484560784,0.442019608,0.638490196,0.95687451,0.991254902,0.935007843,0.402752941,0.422388235,0.519403922,0.455419608,0.496086275,0.969533333,0.99254902,0.961764706,0.352054902,0.364619608,0.509678431,0.595247059,0.734423529,0.985356863,0.991231373,0.961764706,0.93874902,0.347556863,0.470619608,0.605482353,0.915301961,0.98665098,0.991352941,1
0.411501961,0.680407843,0.653427451,0.747023529,0.574945098,0.35952549,0.794796078,0.207121569,0.605976471,0.649470588,0.735803922,0.687615686,0.435462745,0.675858824,0.506976471,0.224537255,0.649827451,0.480576471,0.714203922,0.626172549,0.331564706,0.712141176,0.507905882,0.325235294,0.524262745,0.466945098,0.653415686,0.618627451,0.208568627,0.624772549,0.550792157,0.398772549,0.442647059,0.504643137,0.633403922,0.742313725,0.219235294,0.671376471,0.313972549,0.633313725,0.477654902,0.481760784,0.783223529,0.777956863,0.304301961,0.504905882,0.589996078,0.641658824,0.46112549,0.465231373,0.762356863,0.730368627,0.531176471,0.630615686,0.614870588,0.524172549,0.445501961,0.51905098,0.558388235,0.590764706,0.542341176,0.603152941,0.594168627,0.504333333,1
0.754376471,0.789572549,0.765094118,0.405254902,0.032745098,0.023407843,0.08892549,0.398929412,0.839996078,0.914294118,0.329980392,0.208752941,0.261145098,0.200721569,0.016415686,0.116266667,0.866286275,0.95572549,0.371901961,0.113003922,0.375929412,0.323439216,0.019933333,0.121941176,0.910156863,0.608627451,0.452486275,0.610247059,0.450062745,0.418541176,0.02345098,0.175803922,0.850792157,0.230929412,0.096588235,0.290509804,0.336827451,0.269807843,0.22352549,0.129121569,0.277568627,0.696360784,0.341478431,0.051290196,0.260592157,0.253909804,0.21505098,0.241607843,0.076976471,0.069164706,0.068113725,0.008207843,0.105533333,0.112215686,0.046901961,0.069164706,0.073658824,0.065847059,0.058588235,0.012027451,0.026564706,0.012854902,0.005862745,0.004690196,1
0.2078,0.7024,0.930980392,0.521698039,0.224847059,0.479066667,0.413078431,0.364737255,0.243007843,0.081560784,0.222819608,0.18747451,0.074368627,0.22432549,0.330384314,0.248639216,0.156713725,0.032788235,0.061847059,0.137639216,0.276262745,0.051568627,0.178972549,0.019788235,0.308235294,0.321160784,0.503843137,0.123490196,0.372345098,0.028627451,0.012952941,0.015109804,0.52332549,0.366384314,0.176627451,0.167643137,0.452658824,0.077980392,0.010541176,0.010784314,0.282247059,0.264745098,0.022729412,0.259341176,0.573180392,0.234482353,0.012454902,0.249337255,0.457572549,0.101552941,0.016686275,0.264698039,0.471396078,0.1982,0.021160784,0.1242,0.164278431,0.011364706,0.0864,0.238729412,0.399133333,0.15667451,0.058254902,0.080811765,1
0.991352941,0.988807843,0.980898039,0.673113725,0.835478431,0.978309804,0.988188235,0.987792157,0.991352941,0.987945098,0.97327451,0.540545098,0.643658824,0.975576471,0.991231373,0.986619608,0.991352941,0.98665098,0.795988235,0.441713725,0.704039216,0.978309804,0.992403922,0.987792157,0.993223529,0.988521569,0.691968627,0.552207843,0.726301961,0.977878431,0.991541176,0.987792157,0.99252549,0.989815686,0.729435294,0.821682353,0.687831373,0.982337255,0.991541176,0.990137255,0.98905098,0.991109804,0.983631373,0.676745098,0.655223529,0.983631373,0.992403922,0.989007843,0.991352941,0.992403922,0.983917647,0.797329412,0.668047059,0.985356863,0.988498039,0.990137255,0.991309804,0.992094118,0.990678431,0.765152941,0.844243137,0.979890196,0.988188235,0.990137255,1
0.007811765,0.015623529,0.001172549,0.003517647,0.008207843,0.10454902,0.410878431,0.269756863,0.003905882,0.004647059,0.003517647,0.574152941,0.059239216,0.771039216,0.617027451,0.466180392,0,0.003517647,0.406941176,0.237494118,0.773407843,0.661619608,0.738376471,0.028011765,0.001172549,0.004690196,0.645698039,0.571431373,0.677121569,0.692745098,0.421690196,0.01172549,0.003517647,0.154188235,0.836678431,0.773552941,0.520066667,0.754231373,0.179811765,0.076854902,0.004690196,0.53554902,0.750505882,0.723396078,0.739658824,0.469654902,0.43654902,0.008207843,0.010509804,0.773443137,0.688752941,0.664807843,0.626345098,0.498988235,0.117396078,0.007035294,0.433588235,0.696333333,0.659419608,0.61012549,0.531862745,0.218894118,0.009380392,0.007035294,1
0.078968627,0.121580392,0.087058824,0.067529412,0.083384314,0.02214902,0.355290196,0.531243137,0.408976471,0.022105882,0.032486275,0.06725098,0.058231373,0.282537255,0.296933333,0.414564706,0.1324,0.151419608,0.145278431,0.271670588,0.102364706,0.258623529,0.640517647,0.343341176,0.074243137,0.233443137,0.489615686,0.60112549,0.372945098,0.466011765,0.813760784,0.751411765,0.121313725,0.010552941,0.211447059,0.116211765,0.053635294,0.614105882,0.699694118,0.712443137,0.0476,0.118482353,0.110592157,0.294235294,0.021105882,0.58265098,0.543172549,0.602137255,0.254192157,0.140921569,0.163780392,0.304968627,0.021105882,0.586556863,0.559658824,0.594447059,0.386937255,0.313278431,0.449796078,0.367772549,0.154309804,0.542686275,0.572239216,0.552345098,1
0.765043137,0.159862745,0.375623529,0.222352941,0.090062745,0.175207843,0.175717647,0.624584314,0.866596078,0.265321569,0.488462745,0.437176471,0.167627451,0.254066667,0.57107451,0.863231373,0.855741176,0.269227451,0.56267451,0.331164706,0.226878431,0.227078431,0.652356863,0.804886275,0.871364706,0.266184314,0.410345098,0.203443137,0.355815686,0.31305098,0.475109804,0.813086275,0.836211765,0.288490196,0.722117647,0.597360784,0.601309804,0.468235294,0.440819608,0.844023529,0.862423529,0.362701961,0.758133333,0.656811765,0.625686275,0.527333333,0.46785098,0.844023529,0.76872549,0.558858824,0.656227451,0.472141176,0.367235294,0.512960784,0.538156863,0.725717647,0.811690196,0.812741176,0.304698039,0.43507451,0.69614902,0.620843137,0.788564706,0.772588235,1
0.550098039,0.292309804,0.028003922,0.085419608,0.077564706,0.097094118,0.083384314,0.203337255,0.694968627,0.191109804,0.008207843,0.105733333,0.108811765,0.094317647,0.199431373,0.269737255,0.655133333,0.629662745,0.734301961,0.320356863,0.065847059,0.178807843,0.195956863,0.570533333,0.667635294,0.778439216,0.729576471,0.30547451,0.085376471,0.227670588,0.456478431,0.472886275,0.636698039,0.647552941,0.344886275,0.0152,0.340388235,0.472835294,0.459909804,0.51607451,0.644466667,0.445266667,0.753831373,0.4246,0.367298039,0.370419608,0.401588235,0.440956863,0.461745098,0.753823529,0.577670588,0.461623529,0.504580392,0.511219608,0.5104,0.512313725,0.547278431,0.538647059,0.555364706,0.575160784,0.5768,0.577498039,0.574807843,0.586835294,1
0.918337255,0.993843137,0.996,0.70274902,0.383286275,0.636305882,0.561584314,0.508341176,0.846592157,0.948576471,0.898352941,0.394184314,0.375517647,0.671501961,0.635796078,0.530647059,0.663447059,0.750239216,0.308564706,0.219592157,0.343141176,0.352392157,0.390941176,0.468937255,0.578380392,0.633062745,0.2308,0.134015686,0.202839216,0.23947451,0.108509804,0.498545098,0.584752941,0.543270588,0.305364706,0.503003922,0.110070588,0.15147451,0.044254902,0.699192157,0.570568627,0.219435294,0.171709804,0.706694118,0.316105882,0.022278431,0.219164706,0.563192157,0.542407843,0.01172549,0.430392157,0.746180392,0.876513725,0.28672549,0.145537255,0.551705882,0.427101961,0.320356863,0.301729412,0.854647059,0.859172549,0.702894118,0.202443137,0.528623529,1
0.992094118,0.992094118,0.989317647,0.991231373,0.987945098,0.966466667,0.989239216,0.986505882,0.984282353,0.992094118,0.993223529,0.991972549,0.982478431,0.410192157,0.890815686,0.986505882,0.992094118,0.992094118,0.992094118,0.989239216,0.828129412,0.282745098,0.158733333,0.991541176,0.951905882,0.995137255,0.991972549,0.985211765,0.394886275,0.715168627,0.547760784,0.990678431,0.703411765,0.843945098,0.96794902,0.706960784,0.246066667,0.133615686,0.943815686,0.938262745,0.799929412,0.273686275,0.166898039,0.399215686,0.643062745,0.95474902,0.798513725,0.923501961,0.993698039,0.990101961,0.989239216,0.769733333,0.991972549,0.995137255,0.989239216,0.983772549,0.971435294,0.980686275,0.980729412,0.995137255,0.980376471,0.981505882,0.975341176,0.945533333,1
0.886227451,0.913568627,0.933098039,0.866698039,0.714411765,0.983917647,0.866121569,0.909086275,0.933960784,0.956533333,0.988521569,0.691329412,0.152317647,0.965560784,0.131815686,0.99427451,0.957086275,0.987513725,0.979890196,0.194384314,0.480376471,0.116035294,0.182592157,0.988454902,0.969113725,0.990823529,0.376278431,0.36647451,0.273364706,0.961698039,0.99427451,0.980643137,0.975431373,0.472709804,0.268670588,0.188596078,0.840615686,0.991231373,0.956078431,0.949705882,0.871188235,0.259368627,0.157270588,0.792568627,0.987513725,0.916666667,0.913113725,0.905611765,0.898298039,0.420572549,0.292262745,0.093184314,0.894945098,0.882996078,0.863776471,0.859439216,0.5738,0.536964706,0.052376471,0.196729412,0.152827451,0.846980392,0.796945098,0.785227451,1
0.622156863,0.841368627,0.7814,0.345207843,0.266666667,0.220039216,0.203333333,0.172717647,0.298466667,0.500839216,0.742443137,0.339180392,0.258458824,0.230972549,0.210282353,0.186615686,0.384486275,0.39554902,0.384823529,0.407113725,0.28227451,0.239207843,0.206643137,0.165670588,0.29465098,0.367035294,0.332478431,0.271054902,0.280698039,0.120764706,0.163729412,0.331639216,0.289792157,0.131376471,0.422592157,0.353270588,0.332113725,0.840431373,0.971403922,0.790145098,0.270627451,0.337294118,0.293466667,0.395529412,0.699690196,0.777721569,0.79274902,0.681572549,0.254262745,0.359247059,0.402478431,0.177929412,0.26527451,0.37967451,0.324231373,0.597047059,0.277654902,0.376,0.644643137,0.626243137,0.136380392,0.064015686,0.492803922,0.544588235,1
0.993964706,0.99254902,0.986364706,0.925505882,0.859337255,0.926988235,0.988952941,0.987635294,0.991109804,0.941262745,0.840439216,0.85547451,0.836176471,0.813682353,0.910290196,0.987082353,0.988090196,0.882827451,0.886952941,0.843709804,0.669470588,0.294007843,0.450290196,0.981329412,0.985356863,0.808105882,0.679784314,0.598345098,0.394972549,0.829113725,0.598713725,0.981329412,0.988521569,0.758192157,0.788882353,0.265768627,0.663627451,0.585047059,0.938494118,0.992980392,0.992117647,0.882870588,0.652486275,0.664168627,0.402564706,0.758356863,0.990678431,0.993223529,0.99427451,0.980898039,0.504329412,0.388247059,0.395529412,0.983054902,0.986505882,0.987835294,0.992360784,0.975862745,0.703098039,0.453784314,0.642729412,0.983917647,0.988498039,0.991309804,1
0.99252549,0.987058824,0.993843137,0.992117647,0.989815686,0.985211765,0.988188235,0.991352941,0.987058824,0.991541176,0.959317647,0.864635294,0.730929412,0.988521569,0.991972549,0.988188235,0.988807843,0.906980392,0.734686275,0.624690196,0.6762,0.820133333,0.959705882,0.991109804,0.990678431,0.812729412,0.547313725,0.405682353,0.714980392,0.753145098,0.851701961,0.992117647,0.990678431,0.864635294,0.585631373,0.581447059,0.612341176,0.636054902,0.718823529,0.990823529,0.985356863,0.83127451,0.622654902,0.713894118,0.465290196,0.281560784,0.937631373,0.991254902,0.878643137,0.678933333,0.707168627,0.50492549,0.535133333,0.980752941,0.991541176,0.991231373,0.631941176,0.700133333,0.647717647,0.501839216,0.976294118,0.982909804,0.968968627,0.976117647,1
0.98732549,0.991109804,0.988090196,0.965937255,0.863011765,0.937733333,0.992980392,0.993223529,0.991541176,0.973372549,0.895631373,0.876211765,0.817854902,0.852388235,0.985356863,0.987945098,0.989384314,0.913290196,0.859913725,0.844011765,0.806090196,0.708298039,0.713035294,0.977733333,0.987658824,0.871686275,0.871905882,0.800192157,0.636541176,0.215380392,0.416972549,0.976007843,0.986796078,0.796388235,0.747003922,0.632878431,0.441964706,0.837478431,0.601180392,0.979027451,0.982623529,0.772952941,0.687329412,0.172027451,0.485439216,0.7396,0.786517647,0.98665098,0.992117647,0.814003922,0.754039216,0.582721569,0.711627451,0.512784314,0.98665098,0.991231373,0.992980392,0.91407451,0.589129412,0.624823529,0.298733333,0.90692549,0.990678431,0.991309804,1
0.64052549,0.650333333,0.609368627,0.660078431,0.632905882,0.629627451,0.609192157,0.60914902,0.657952941,0.656078431,0.461027451,0.49692549,0.519823529,0.550215686,0.52287451,0.660709804,0.590513725,0.637227451,0.672972549,0.646215686,0.708156863,0.634298039,0.558423529,0.590843137,0.500921569,0.492247059,0.406627451,0.604964706,0.738894118,0.682729412,0.582082353,0.527133333,0.6122,0.698352941,0.679643137,0.675737255,0.684721569,0.718701961,0.764313725,0.665019608,0.581498039,0.61965098,0.646086275,0.649129412,0.672694118,0.695223529,0.768996078,0.768909804,0.524819608,0.522705882,0.57332549,0.504733333,0.692533333,0.751121569,0.766427451,0.758219608,0.642972549,0.62367451,0.660894118,0.686827451,0.590980392,0.63785098,0.554380392,0.528678431,1
0.991352941,0.991352941,0.992094118,0.991972549,0.953066667,0.978019608,0.993843137,0.988764706,0.993843137,0.993843137,0.991541176,0.944945098,0.668211765,0.75445098,0.94134902,0.989815686,0.754407843,0.879396078,0.920878431,0.656415686,0.743282353,0.468741176,0.652862745,0.883345098,0.566647059,0.672968627,0.679298039,0.625278431,0.652160784,0.242043137,0.673054902,0.855968627,0.542866667,0.624890196,0.637039216,0.560137255,0.527992157,0.410505882,0.684419608,0.914160784,0.414603922,0.449756863,0.485772549,0.585333333,0.593807843,0.620796078,0.602121569,0.983054902,0.803835294,0.906870588,0.925968627,0.791486275,0.672670588,0.617945098,0.862058824,0.992117647,0.992482353,0.992482353,0.99252549,0.995137255,0.946937255,0.938262745,0.993843137,0.991109804,1
0.982047059,0.972984314,0.845552941,0.955721569,0.988376471,0.988454902,0.989317647,0.993223529,0.942917647,0.653027451,0.514690196,0.72134902,0.914015686,0.984780392,0.985643137,0.990678431,0.703458824,0.622141176,0.535752941,0.542701961,0.719235294,0.839878431,0.918031373,0.875807843,0.879223529,0.559647059,0.43814902,0.507945098,0.669086275,0.762431373,0.715517647,0.703756863,0.881803922,0.480901961,0.808537255,0.500556863,0.643392157,0.795721569,0.665137255,0.663964706,0.734976471,0.977443137,0.774196078,0.47172549,0.742756863,0.575501961,0.569639216,0.616466667,0.986937255,0.980176471,0.552027451,0.88625098,0.582411765,0.890270588,0.985211765,0.988376471,0.98607451,0.963345098,0.821180392,0.970682353,0.980176471,0.988807843,0.991352941,0.986662745,1
0.80972549,0.747662745,0.409043137,0.504509804,0.668454902,0.341094118,0.637768627,0.9048,0.613301961,0.798172549,0.382831373,0.665901961,0.871278431,0.659972549,0.579137255,0.837192157,0.643894118,0.652258824,0.395101961,0.785968627,0.883705882,0.76445098,0.538639216,0.632878431,0.619129412,0.392356863,0.403733333,0.616654902,0.481866667,0.477098039,0.439431373,0.644682353,0.582403922,0.426015686,0.323745098,0.645678431,0.563070588,0.51147451,0.410737255,0.650278431,0.545007843,0.667705882,0.672729412,0.906380392,0.905803922,0.860501961,0.462729412,0.79812549,0.52332549,0.430921569,0.683737255,0.75792549,0.727819608,0.700988235,0.618964706,0.477490196,0.398372549,0.247423529,0.637529412,0.715501961,0.808988235,0.789184314,0.7752,0.483819608,1
0.316796078,0.267380392,0.578443137,0.582890196,0.637615686,0.641211765,0.485564706,0.406396078,0.316717647,0.597431373,0.700654902,0.617423529,0.659878431,0.684176471,0.613596078,0.727419608,0.558603922,0.644533333,0.715968627,0.676090196,0.614094118,0.590701961,0.685384314,0.758113725,0.559266667,0.401815686,0.801898039,0.751431373,0.535976471,0.621905882,0.712294118,0.750301961,0.432286275,0.5834,0.750568627,0.73885098,0.535976471,0.680494118,0.461266667,0.742180392,0.474388235,0.505635294,0.586443137,0.637529412,0.559764706,0.485243137,0.565862745,0.597662745,0.480207843,0.508988235,0.517152941,0.579215686,0.60265098,0.57452549,0.505592157,0.641988235,0.442588235,0.444501961,0.446768627,0.539647059,0.563901961,0.590890196,0.477431373,0.548556863,1
0.261305882,0.729890196,0.82347451,0.289086275,0.246403922,0.410470588,0.567533333,0.746384314,0.032831373,0.331258824,0.746486275,0.723380392,0.640301961,0.648254902,0.773717647,0.785478431,0.03965098,0.026968627,0.433972549,0.789537255,0.629305882,0.826380392,0.771839216,0.784541176,0.067337255,0.068662745,0.153258824,0.633258824,0.659690196,0.804858824,0.764580392,0.778145098,0.063662745,0.047858824,0.292466667,0.516403922,0.745905882,0.624266667,0.755294118,0.769290196,0.055937255,0.145960784,0.571501961,0.498713725,0.892564706,0.427058824,0.690541176,0.762184314,0.090580392,0.202635294,0.649545098,0.846607843,0.908964706,0.160976471,0.612180392,0.704180392,0.089019608,0.336298039,0.766490196,0.832270588,0.831313725,0.049921569,0.198466667,0.551341176,1
0.933141176,0.894435294,0.847529412,0.808823529,0.795976471,0.596545098,0.566662745,0.594203922,0.821317647,0.816282353,0.855694118,0.846752941,0.789647059,0.680482353,0.512333333,0.585572549,0.796603922,0.707588235,0.848976471,0.866635294,0.793207843,0.56787451,0.390043137,0.581466667,0.704388235,0.707941176,0.855701961,0.866635294,0.770901961,0.3468,0.145101961,0.667352941,0.566666667,0.821678431,0.862729412,0.864721569,0.674894118,0.191462745,0.129470588,0.406082353,0.405741176,0.867764706,0.875309804,0.847615686,0.457803922,0.168803922,0.108415686,0.344407843,0.556156863,0.876439216,0.875309804,0.796839216,0.312545098,0.172356863,0.104509804,0.339639216,0.639741176,0.876439216,0.85187451,0.667945098,0.140686275,0.184031373,0.124039216,0.335733333,1
0.723564706,0.676341176,0.841207843,0.875576471,0.808047059,0.437454902,0.148921569,0.409478431,0.398713725,0.793207843,0.858823529,0.879482353,0.735827451,0.227356863,0.166968627,0.195784314,0.243333333,0.870188235,0.866635294,0.855780392,0.594862745,0.148145098,0.151690196,0.238396078,0.348439216,0.879992157,0.875309804,0.816721569,0.414839216,0.147792157,0.120443137,0.27354902,0.423003922,0.878,0.854960784,0.759262745,0.186341176,0.191843137,0.085290196,0.269996078,0.681145098,0.847105882,0.887027451,0.528462745,0.133607843,0.116458824,0.098145098,0.480921569,0.785827451,0.84714902,0.856909804,0.235168627,0.133607843,0.129392157,0.590603922,0.778439216,0.780360784,0.866678431,0.784258824,0.18712549,0.11767451,0.340619608,0.457027451,0.331572549,1
0.656764706,0.608333333,0.505219608,0.627439216,0.871094118,0.831992157,0.274219608,0.129305882,0.801282353,0.725941176,0.621266667,0.770396078,0.847658824,0.722317647,0.054317647,0.194223529,0.625207843,0.491588235,0.452227451,0.769266667,0.840709804,0.508623529,0.027486275,0.258235294,0.308831373,0.265090196,0.335360784,0.85554902,0.805909804,0.450078431,0.031701961,0.1684,0.231023529,0.19274902,0.368090196,0.761729412,0.637490196,0.774109804,0.066388235,0.133211765,0.219305882,0.179039216,0.540301961,0.824533333,0.80934902,0.679196078,0.159,0.136254902,0.168098039,0.098498039,0.648415686,0.859729412,0.479376471,0.067258824,0.093376471,0.144886275,0.147705882,0.105447059,0.628929412,0.590223529,0.102454902,0.193886275,0.184031373,0.135635294,1
0.2948,0.303396078,0.297152941,0.602164706,0.461286275,0.308878431,0.414137255,0.582011765,0.286988235,0.287772549,0.297462745,0.571658824,0.472141176,0.297160784,0.390701961,0.558576471,0.290894118,0.304878431,0.304886275,0.475968627,0.547137255,0.2506,0.389839216,0.508929412,0.290894118,0.293160784,0.227121569,0.406015686,0.735835294,0.219396078,0.359454902,0.469827451,0.279176471,0.281176471,0.265913725,0.505741176,0.540627451,0.26994902,0.292745098,0.433890196,0.267458824,0.266682353,0.261223529,0.523788235,0.443886275,0.304403922,0.254505882,0.399556863,0.271364706,0.264337255,0.262862745,0.484764706,0.402603922,0.415760784,0.247513725,0.364007843,0.259647059,0.262423529,0.288988235,0.281305882,0.419090196,0.36745098,0.270905882,0.305109804,1
0.669070588,0.704180392,0.734564706,0.765941176,0.636486275,0.652196078,0.711517647,0.633356863,0.668207843,0.726752941,0.765501961,0.751403922,0.718423529,0.449003922,0.637572549,0.534847059,0.664878431,0.721984314,0.777176471,0.738160784,0.776796078,0.649427451,0.399105882,0.580258824,0.571137255,0.702454902,0.769364706,0.730737255,0.742376471,0.793815686,0.387301961,0.590760784,0.500564706,0.7048,0.761552941,0.730737255,0.726443137,0.790462745,0.445968627,0.589666667,0.6568,0.711172549,0.749878431,0.703439216,0.698403922,0.749964706,0.500341176,0.563145098,0.618870588,0.6916,0.704180392,0.680788235,0.617164706,0.707309804,0.53245098,0.5394,0.593090196,0.659490196,0.672976471,0.617164706,0.562792157,0.707352941,0.567603922,0.485580392,1
0.992403922,0.987635294,0.992117647,0.941262745,0.837717647,0.972509804,0.987635294,0.991231373,0.992403922,0.991972549,0.574972549,0.876776471,0.726360784,0.568211765,0.987513725,0.983298039,0.996,0.991972549,0.625670588,0.839121569,0.816427451,0.733662745,0.676447059,0.871,0.992403922,0.991541176,0.795537255,0.492239216,0.755415686,0.750027451,0.534972549,0.988952941,0.990678431,0.989815686,0.985356863,0.56645098,0.786662745,0.704286275,0.902247059,0.990678431,0.696098039,0.416788235,0.649458824,0.699682353,0.874152941,0.839121569,0.81327451,0.993843137,0.990678431,0.910058824,0.608054902,0.889898039,0.811780392,0.855564706,0.883537255,0.993843137,0.990247059,0.992117647,0.985356863,0.839984314,0.757098039,0.818972549,0.938219608,0.991109804,1
0.488682353,0.488682353,0.476964706,0.567231373,0.634494118,0.687737255,0.741368627,0.698403922,0.53094902,0.493760784,0.484819608,0.55165098,0.589270588,0.656533333,0.69254902,0.676184314,0.54634902,0.476352941,0.504478431,0.554556863,0.594478431,0.636003922,0.672019608,0.645807843,0.621423529,0.5046,0.503823529,0.535854902,0.593435294,0.628588235,0.64112549,0.63834902,0.62614902,0.663258824,0.390552941,0.523007843,0.577898039,0.613007843,0.61405098,0.425352941,0.633219608,0.731607843,0.473086275,0.425439216,0.563360784,0.571172549,0.30934902,0.421670588,0.601662745,0.692670588,0.747352941,0.33614902,0.363411765,0.3238,0.409952941,0.47705098,0.558698039,0.680643137,0.718219608,0.434572549,0.101321569,0.425266667,0.426705882,0.520015686,1
0.649541176,0.708172549,0.355909804,0.496607843,0.577545098,0.597341176,0.371678431,0.430490196,0.63434902,0.715984314,0.617682353,0.345054902,0.532890196,0.324972549,0.40014902,0.489078431,0.606741176,0.696576471,0.730290196,0.286458824,0.137913725,0.417411765,0.434517647,0.535639216,0.575494118,0.688454902,0.679160784,0.278294118,0.23547451,0.423576471,0.433035294,0.561929412,0.53612549,0.688454902,0.594670588,0.20712549,0.282388235,0.386984314,0.454556863,0.58345098,0.512690196,0.649352941,0.4814,0.175878431,0.294105882,0.36354902,0.465964706,0.618294118,0.48834902,0.606388235,0.379847059,0.141588235,0.310160784,0.387847059,0.496513725,0.629313725,0.40632549,0.503972549,0.309231373,0.120886275,0.341407843,0.399564706,0.516043137,0.641031373,1
0.774109804,0.571866667,0.508321569,0.777439216,0.735094118,0.724427451,0.668658824,0.574917647,0.798407843,0.743372549,0.14527451,0.738968627,0.754392157,0.699941176,0.731541176,0.680376471,0.800831373,0.793917647,0.055894118,0.172619608,0.715301961,0.719792157,0.680454902,0.633505882,0.802392157,0.790521569,0.056980392,0.02214902,0.052376471,0.526458824,0.726121569,0.641164706,0.790098039,0.816854902,0.106031373,0.026709804,0.066752941,0.011682353,0.169266667,0.39865098,0.62547451,0.836117647,0.20254902,0.005862745,0.066952941,0.112960784,0.118027451,0.052290196,0.480768627,0.823392157,0.352188235,0.009380392,0.062803922,0.101552941,0.089203922,0.151188235,0.700360784,0.750043137,0.688878431,0.014070588,0.054172549,0.116313725,0.148654902,0.150137255,1
0.215858824,0.719086275,0.723376471,0.747309804,0.762580392,0.691690196,0.376223529,0.1882,0.02345098,0.74654902,0.749545098,0.746447059,0.773478431,0.708796078,0.480862745,0.122109804,0.047686275,0.543168627,0.746768627,0.736643137,0.738203922,0.704811765,0.497580392,0.021105882,0.043082353,0.365411765,0.741733333,0.721019608,0.693678431,0.680556863,0.644364706,0.028141176,0.183835294,0.292568627,0.703847059,0.700482353,0.699619608,0.696533333,0.648545098,0.104796078,0.73967451,0.430988235,0.659796078,0.732592157,0.731729412,0.706811765,0.574996078,0.543129412,0.723729412,0.731541176,0.583160784,0.711623529,0.727203922,0.672521569,0.587066667,0.770643137,0.696309804,0.704121569,0.66014902,0.649560784,0.636627451,0.636627451,0.642490196,0.69994902,1
0.442937255,0.774937255,0.78494902,0.738078431,0.704917647,0.755694118,0.745890196,0.710737255,0.726658824,0.753690196,0.774945098,0.777368627,0.8126,0.829352941,0.644337255,0.648243137,0.557882353,0.723611765,0.534768627,0.310729412,0.62987451,0.605776471,0.641870588,0.653278431,0.653847059,0.725835294,0.813258824,0.742290196,0.540313725,0.621984314,0.616717647,0.657768627,0.515980392,0.172341176,0.413698039,0.620709804,0.788384314,0.707411765,0.676596078,0.590623529,0.344521569,0.165360784,0.183176471,0.012898039,0.021105882,0.138094118,0.708705882,0.731278431,0.260552941,0.206380392,0.147560784,0.063623529,0.015113725,0.010552941,0.097090196,0.599266667,0.143964706,0.199466667,0.077454902,0.043819608,0.017694118,0.028470588,0.01172549,0.082019608,1